公司名称,产品名称,上市年份,上市月份,价格(元),运行内存(GB),存储容量(GB),操作系统,处理器型号,屏幕尺寸(英寸),屏幕分辨率,重量(g),评论人数,评分,电池类型,电池容量
苹果,苹果iPad 2021（64GB/WiFi版）,2021,8,2398,,64,iPadOS 15,苹果 A13,10.2,2160x1620,487,6566,9.4,锂电池,8756
苹果,苹果iPad 2022(64GB/WLAN版),2022,10,3246,,64,iPadOS 16,Apple A14,10.9,2360x1640,477,479,9.8,聚合物锂电池,7729
苹果,苹果iPad mini 6（64GB/WiFi版）,2021,9,3799,,64,iPadOS 15,苹果 A15,8.3,2266x1488,293,2931,9.4,聚合物锂电池,5216
苹果,苹果iPad Air 5（64GB/WiFi版）,2022,3,4399,8,64,iPadOS 15,Apple M1,10.9,2360x1640,461,1321,9.6,聚合物锂电池,7730
苹果,苹果iPad Pro 11英寸 2022(8GB/128GB/WLAN版),2022,10,6399,8,128,iPadOS 16,Apple M2,11,2388x1668,466,1017,9.8,聚合物锂电池,7743
苹果,苹果iPad 2020(128GB/WLAN版),2020,9,2999,,128,iPadOS 14,苹果 A12,10.2,2160x1620,490,1320,9.5,聚合物锂电池,
苹果,苹果iPad Pro 12.9英寸 2022(8GB/128GB/WLAN版),2022,10,9299,8,128,iPadOS 16,Apple M2,12.9,2732x2048,682,33,10,聚合物锂电池,11048
苹果,苹果新款iPad mini 2019（64GB/WLAN版）,2019,3,2749,,64,iOS,苹果 A12,7.9,2048x1536,300.5,2214,9.2,聚合物锂电池,5162
苹果,苹果10.9英寸iPad Air 2020(64GB/WLAN版),2020,10,4799,,64,iPadOS 14,苹果 A14,10.9,2360x1640,458,4883,9.5,聚合物锂电池,
苹果,苹果iPad Pro 11英寸 2021(8GB/128GB/WLAN版),2021,5,6199,8,128,iPadOS 14,Apple M1,11,2388x1668,466,6560,9.7,聚合物锂电池,7743
苹果,苹果iPad Pro 12.9英寸 2021(8GB/128GB/WLAN版),2021,5,8499,8,128,iPadOS 15,Apple M1,12.9,2732x2048,682,1745,9.6,聚合物锂电池,11048
苹果,苹果新iPad Pro 12.9英寸（64GB/WLAN）,2018,10,7399,,64,iOS 12.1,苹果 A12X,12.9,2732x2048,631,207,9.9,聚合物锂电池,9921
苹果,苹果iPad 2022(256GB/WLAN版),2022,10,4398,,256,iPadOS 16,Apple A14,10.9,2360x1640,477,479,9.8,聚合物锂电池,7729
苹果,苹果iPad Pro 11英寸 2020(128GB/WLAN版),2020,3,6229,,128,,苹果 A12Z,11,2388x1688,471,1046,9,聚合物锂电池,7743
苹果,苹果iPad Pro 12.9英寸 2022(16GB/2TB/Cellular版),2022,10,18999,16,2048,iPadOS 16,Apple M2,12.9,2732x2048,684,19,10,聚合物锂电池,11048
苹果,苹果iPad 2021（256GB/WiFi版）,2021,9,3698,,256,iPadOS 15,苹果 A13,10.2,2160x1620,487,6566,9.4,锂电池,8756
苹果,苹果10.5英寸iPad Air（64GB/WiFi版）,2019,3,3896,,64,iOS12,苹果 A12,10.5,2224x1668,456,21,9.2,聚合物锂电池,8162
苹果,苹果iPad Air 5（64GB/蜂窝网络版）,2022,3,5499,8,64,iPadOS 15,Apple M1,10.9,2360x1640,462,1321,9.6,聚合物锂电池,7729
苹果,苹果iPad mini 6（64GB/蜂窝网络版）,2021,9,4999,,64,iPadOS 15,苹果 A15,8.3,2266x1488,297,2931,9.4,聚合物锂电池,5216
苹果,苹果iPad Air 5（256GB/WiFi版）,2022,3,5999,8,256,iPadOS 15,Apple M1,10.9,2360x1640,461,1321,9.6,聚合物锂电池,7729
苹果,苹果iPad mini 6（256GB/WiFi版）,2021,9,4999,,256,iPadOS 15,苹果 A15,8.3,2266x1488,293,2931,9.4,聚合物锂电池,5216
苹果,苹果iPad Pro 11英寸 2022(8GB/256GB/WLAN版),2022,10,7599,8,256,iPadOS 16,Apple M2,11,2388x1668,466,1017,9.8,聚合物锂电池,7743
苹果,苹果iPad Pro 11英寸 2022(8GB/256GB/Cellular版),2022,10,8799,8,256,iPadOS 16,Apple M2,11,2388x1668,468,1017,9.8,聚合物锂电池,7743
苹果,苹果iPad Pro 12.9英寸 2022(8GB/512GB/WLAN版),2022,10,11799,8,512,iPadOS 16,Apple M2,12.9,2732x2048,682,33,10,聚合物锂电池,11048
苹果,苹果iPad Pro 12.9英寸 2020(256GB/Cellular版),2020,3,9899,,256,,苹果 A12Z,12.9,2732x2048,643,598,8.8,聚合物锂电池,7743
苹果,苹果iPad Pro 11英寸 2022(8GB/128GB/Cellular版),2022,10,7799,8,128,iPadOS 16,Apple M2,11,2388x1668,468,1017,9.8,聚合物锂电池,7743
苹果,苹果iPad Pro 12.9英寸 2020(128GB/WLAN版),2020,3,7899,,128,,苹果 A12Z,12.9,2732x2048,641,598,8.8,聚合物锂电池,7743
苹果,苹果新款9.7英寸iPad（128GB/WiFi版）,2018,3,3388,,128,iOS 11,苹果 A10,9.7,2048x1536,469,154,9.8,聚合物锂电池,8756
苹果,苹果iPad 2020(32GB/WLAN版),2020,9,2499,,32,iPadOS 14,苹果 A12,10.2,2160x1620,490,1320,9.5,聚合物锂电池,
苹果,苹果iPad Air 5（256GB/蜂窝网络版）,2022,3,6599,8,256,iPadOS 15,Apple M1,10.9,2360x1640,462,1321,9.6,聚合物锂电池,7729
苹果,苹果iPad mini 6（256GB/蜂窝网络版）,2021,9,6199,,256,iPadOS 15,苹果 A15,8.3,2266x1488,297,2931,9.4,聚合物锂电池,5216
苹果,苹果iPad 2022(64GB/Cellular版),2022,10,4799,,64,iPadOS 16,Apple A14,10.9,2360x1640,481,479,9.8,聚合物锂电池,7729
苹果,苹果iPad Pro 12.9英寸 2020(1TB/WLAN版),2020,3,11899,,1024,,苹果 A12Z,12.9,2732x2048,641,598,8.8,聚合物锂电池,7743
苹果,苹果iPad Pro 12.9英寸 2022(8GB/256GB/WLAN版),2022,10,9399,8,256,iPadOS 16,Apple M2,12.9,2732x2048,682,33,10,聚合物锂电池,11048
苹果,苹果iPad Pro 12.9英寸 2022(16GB/1TB/WLAN版),2022,10,15199,16,1024,iPadOS 16,Apple M2,12.9,2732x2048,682,33,10,聚合物锂电池,11048
苹果,苹果iPad Pro 12.9英寸 2020(256GB/WLAN版),2020,3,8699,,256,,苹果 A12Z,12.9,2732x2048,641,598,8.8,聚合物锂电池,7743
苹果,苹果iPad Pro 12.9英寸 2020(512GB/WLAN版),2020,3,10299,,512,,苹果 A12Z,12.9,2732x2048,641,598,8.8,聚合物锂电池,7743
苹果,苹果iPad Pro 11英寸 2022(16GB/2TB/WLAN版),2022,10,15299,16,2048,iPadOS 16,Apple M2,11,2388x1668,466,1017,9.8,聚合物锂电池,7743
苹果,苹果iPad Pro 12.9英寸 2021(8GB/128GB/Cellular版),2021,5,9699,8,128,iPadOS 14,Apple M1,12.9,2732x2048,684,1745,9.6,聚合物锂电池,11048
苹果,苹果10.9英寸iPad Air 2020(256GB/WLAN版),2020,10,5498,,256,iPadOS 14,苹果 A14,10.9,2360x1640,458,4883,9.5,聚合物锂电池,
苹果,苹果iPad Pro 12.9英寸 2022(16GB/2TB/WLAN版),2022,10,17799,16,2048,iPadOS 16,Apple M2,12.9,2732x2048,682,19,10,聚合物锂电池,11048
苹果,苹果iPad 2020(128GB/Cellular版),2020,9,3999,,128,iPadOS 14,苹果 A12,10.2,2160x1620,495,1320,9.5,聚合物锂电池,
苹果,苹果iPad 2022(256GB/Cellular版),2022,10,5999,,256,iPadOS 16,Apple A14,10.9,2360x1640,481,479,9.8,聚合物锂电池,7729
苹果,苹果iPad Pro 12.9英寸 2021(8GB/256GB/WLAN版),2021,5,8399,8,256,iPadOS 14,Apple M1,12.9,2732x2048,682,1745,9.6,聚合物锂电池,11048
苹果,苹果新iPad Pro 12.9英寸（256GB/WLAN）,2018,10,8699,,256,iOS 12.1,苹果 A12X,12.9,2732x2048,631,207,9.9,聚合物锂电池,9921
苹果,苹果iPad Pro 12.9英寸 2021(8GB/256GB/Cellular版),2021,5,10499,8,256,iPadOS 14,Apple M1,12.9,2732x2048,684,1745,9.6,聚合物锂电池,11048
苹果,苹果iPad Pro 12.9英寸 2021(16GB/1TB/WLAN版),2021,5,14099,16,1024,iPadOS 14,Apple M1,12.9,2732x2048,682,1745,9.6,聚合物锂电池,11048
苹果,苹果10.9英寸iPad Air 2020(64GB/Cellular版),2020,10,5799,,64,iPadOS 14,苹果 A14,10.9,2360x1640,460,4883,9.5,聚合物锂电池,
苹果,苹果iPad Pro 12.9英寸 2020(512GB/Cellular版),2020,3,11499,,512,,苹果 A12Z,12.9,2732x2048,643,598,8.8,聚合物锂电池,7743
苹果,苹果iPad Pro 12.9英寸 2021(8GB/512GB/Cellular版),2021,5,12099,8,512,iPadOS 14,Apple M1,12.9,2732x2048,684,1745,9.6,聚合物锂电池,11048
苹果,苹果iPad 2020(32GB/Cellular版),2020,9,3499,,32,iPadOS 14,苹果 A12,10.2,2160x1620,495,1320,9.5,聚合物锂电池,
苹果,苹果新款9.7英寸iPad（32GB/WiFi+4G版）,2018,3,3199,,32,iOS 11,苹果 A10,9.7,2048x1536,478,154,9.8,聚合物锂电池,8756
苹果,苹果iPad Pro 12.9英寸 2022(8GB/256GB/Cellular版),2022,10,10999,8,256,iPadOS 16,Apple M2,12.9,2732x2048,684,33,10,聚合物锂电池,11048
苹果,苹果iPad Pro 11英寸 2022(16GB/1TB/Cellular版),2022,10,13899,16,1024,iPadOS 16,Apple M2,11,2388x1668,468,1017,9.8,聚合物锂电池,7743
苹果,苹果新iPad Pro 12.9英寸（512GB/WLAN+Cellular）,2018,10,8499,,512,iOS 12.1,苹果 A12X,12.9,2732x2048,631,207,9.9,聚合物锂电池,9921
苹果,苹果iPad Pro 11英寸 2022(8GB/512GB/WLAN版),2022,10,8499,8,512,iPadOS 16,Apple M2,11,2388x1668,466,1017,9.8,聚合物锂电池,7743
苹果,苹果10.9英寸iPad Air 2020(256GB/Cellular版),2020,10,6999,,256,iPadOS 14,苹果 A14,10.9,2360x1640,460,4883,9.5,聚合物锂电池,
苹果,苹果新款9.7英寸iPad（128GB/WiFi+4G版）,2018,3,3749,,128,iOS 11,苹果 A10,9.7,2048x1536,478,154,9.8,聚合物锂电池,8756
苹果,苹果iPad Pro 12.9英寸 2022(8GB/512GB/Cellular版),2022,10,12989,8,512,iPadOS 16,Apple M2,12.9,2732x2048,684,33,10,聚合物锂电池,11048
苹果,苹果新iPad Pro 12.9英寸（512GB/WLAN）,2018,10,10388,,512,iOS 12.1,苹果 A12X,12.9,2732x2048,631,207,9.9,聚合物锂电池,9921
苹果,苹果iPad Pro 12.9英寸 2021(16GB/2TB/Cellular版),2021,5,18999,16,2048,iPadOS 14,Apple M1,12.9,2732x2048,684,1745,9.6,聚合物锂电池,11048
苹果,苹果iPad Pro 12.9英寸 2020(1TB/Cellular版),2020,3,13099,,1024,,苹果 A12Z,12.9,2732x2048,643,598,8.8,聚合物锂电池,7743
苹果,苹果iPad Pro 11英寸 2022(16GB/1TB/WLAN版),2022,10,12499,16,1024,iPadOS 16,Apple M2,11,2388x1668,466,1017,9.8,聚合物锂电池,7743
苹果,苹果iPad Pro 12.9英寸 2021(8GB/512GB/WLAN版),2021,5,10387,8,512,iPadOS 14,Apple M1,12.9,2732x2048,682,1745,9.6,聚合物锂电池,11048
苹果,苹果iPad Pro 11英寸 2022(8GB/512GB/Cellular版),2022,10,10499,8,512,iPadOS 16,Apple M2,11,2388x1668,468,1017,9.8,聚合物锂电池,7743
苹果,苹果iPad Pro 12.9英寸 2020(128GB/Cellular版),2020,3,9099,,128,,苹果 A12Z,12.9,2732x2048,643,598,8.8,聚合物锂电池,7743
苹果,苹果新iPad Pro 12.9英寸（1TB/WLAN）,2018,10,12999,,1024,iOS 12.1,苹果 A12X,12.9,2732x2048,631,207,9.9,聚合物锂电池,9921
苹果,苹果iPad Pro 12.9英寸 2022(8GB/128GB/Cellular版),2022,10,10299,8,128,iPadOS 16,Apple M2,12.9,2732x2048,684,33,10,聚合物锂电池,11048
苹果,苹果iPad Pro 12.9英寸 2021(16GB/1TB/Cellular版),2021,5,15299,16,1024,iPadOS 14,Apple M1,12.9,2732x2048,684,1745,9.6,聚合物锂电池,11048
苹果,苹果新iPad Pro 12.9英寸（1TB/WLAN+Cellular）,2018,10,13999,,1024,iOS 12.1,苹果 A12X,12.9,2732x2048,631,207,9.9,聚合物锂电池,9921
苹果,苹果iPad Pro 12.9英寸 2022(16GB/1TB/Cellular版),2022,10,15599,16,1024,iPadOS 16,Apple M2,12.9,2732x2048,684,33,10,聚合物锂电池,11048
苹果,苹果iPad Pro 11英寸 2022(16GB/2TB/Cellular版),2022,10,17299,16,2048,iPadOS 16,Apple M2,11,2388x1668,468,267,9.8,聚合物锂电池,7743
苹果,苹果新iPad Pro 12.9英寸（64GB/WLAN+Cellular）,2018,10,8499,,64,iOS 12.1,苹果 A12X,12.9,2732x2048,631,207,9.9,聚合物锂电池,9921
苹果,苹果新iPad Pro 12.9英寸（256GB/WLAN+Cellular）,2018,10,9499,,256,iOS 12.1,苹果 A12X,12.9,2732x2048,631,207,9.9,聚合物锂电池,9921
苹果,苹果iPad Pro 12.9英寸 2021(16GB/2TB/WLAN版),2021,5,17299,16,2048,iPadOS 14,Apple M1,12.9,2732x2048,682,1745,9.6,聚合物锂电池,11048
苹果,苹果iPod touch 5（32GB）,2012,10,1890,,32,iOS 7,苹果 A5,4,1136x640,88,78,8.8,锂电池,
苹果,苹果iPad mini（16GB/Cellular）,2012,10,2688,,16,iOS 8,苹果 A5,7.9,1024x768,312,206,8.4,锂电池,
苹果,苹果iPad 4（16GB/Cellular）,2012,12,3788,1,16,iOS 6/7,苹果 A6X,9.7,2048x1536,662,73,8.3,聚合物锂电池,
苹果,苹果iPad 4（32GB/WiFi版）,2012,12,4350,1,32,iOS 6,苹果 A6X,9.7,2048x1536,652,73,8.3,聚合物锂电池,
苹果,苹果iPad 4（64GB/WiFi版）,2012,12,5230,1,64,iOS 6,苹果 A6X,9.7,2048x1536,652,73,8.3,聚合物锂电池,
苹果,苹果iPad 4（32GB/Cellular）,2012,12,5100,1,32,iOS 6,苹果 A6X,9.7,2048x1536,662,73,8.3,聚合物锂电池,
苹果,苹果iPad 4（64GB/Cellular）,2012,12,5900,1,64,iOS 6,苹果 A6X,9.7,2048x1536,662,73,8.3,聚合物锂电池,
苹果,苹果iPad mini（32GB/WiFi版）,2012,10,3100,,32,iOS 6,苹果 A5,7.9,1024x768,308,206,8.4,锂电池,
苹果,苹果iPad mini（64GB/WiFi版）,2012,10,3900,,64,iOS 6,苹果 A5,7.9,1024x768,308,206,8.4,锂电池,
苹果,苹果iPad mini（32GB/Cellular）,2012,10,4100,,32,iOS 6,苹果 A5,7.9,1024x768,312,206,8.4,锂电池,
苹果,苹果iPad mini（64GB/Cellular）,2012,10,4800,,64,iOS 6,苹果 A5,7.9,1024x768,312,206,8.4,锂电池,
苹果,苹果iPod touch 4（16GB）,2012,10,1400,,16,iOS 5,,3.5,960x640,101,85,8.2,锂电池,
苹果,苹果iPod touch 4 白色（16GB）,2012,10,1400,,16,iOS 5,,3.5,960x640,101,85,8.2,锂电池,
苹果,苹果iPad Air（16GB/WiFi版）,2013,10,2888,,16,iOS 8,苹果 A7,9.7,2048x1536,469,341,8.9,聚合物锂电池,
苹果,苹果12.9英寸iPad Pro（128GB/WiFi版）,2015,9,6688,4,128,iOS 9,苹果 A9X/M9,12.9,2732x2048,713,261,9,聚合物锂电池,
苹果,苹果12.9英寸iPad Pro（128GB/Cellular）,2015,9,5988,4,128,iOS 9,苹果 A9X/M9,12.9,2732x2048,723,261,9,聚合物锂电池,
苹果,苹果iPad 4（16GB/WiFi版）,2012,12,2888,1,16,iOS 6/7,苹果 A6X,9.7,2048x1536,652,73,8.3,聚合物锂电池,
苹果,苹果iPod touch（16GB）,,,2130,,,支持Windows XP /vista，Mac OS X 10.4.10或更高版本的操作系统,,3.5,480*320,115,16,8.6,,
苹果,苹果iPod touch 5（64GB）,2012,10,2290,,64,iOS 7,苹果 A5,4,1136x640,88,78,8.8,锂电池,
苹果,苹果iPod touch 4（8GB）,2012,8,1350,,8,iOS 5,,3.5,960x640,101,85,8.2,锂电池,
苹果,苹果iPod touch 4（32GB）,2012,4,1450,,32,iOS 5,,3.5,960x640,101,85,8.2,锂电池,
苹果,苹果iPod touch 4（64GB）,2012,2,2759,,64,iOS 5,,3.5,960x640,101,85,8.2,锂电池,
苹果,苹果The new iPad（32GB/WiFi版）,2012,5,4088,1,32,iOS 5.1,苹果 A5X,9.7,2048x1536,652,76,8.2,聚合物锂电池,
苹果,苹果The new iPad（64GB/WiFi版）,2012,5,4888,1,64,iOS 5.1,苹果 A5X,9.7,2048x1536,652,76,8.2,聚合物锂电池,
苹果,苹果The new iPad（32GB/Cellular）,2012,5,5088,1,32,iOS 5.1,苹果 A5X,9.7,2048x1536,662,76,8.2,聚合物锂电池,
苹果,苹果The new iPad（64GB/Cellular）,2012,5,5888,1,64,iOS 5.1,苹果 A5X,9.7,2048x1536,662,76,8.2,聚合物锂电池,
苹果,苹果iPad（16GB/WiFi版）,2010,,3200,,16,iOS,,9.7,1024×768,692,23,7.4,锂电池,
苹果,苹果The new iPad（16GB/Cellular）,2012,5,4388,1,16,iOS 5.1,苹果 A5X,9.7,2048x1536,662,76,8.2,聚合物锂电池,
苹果,苹果iPad mini 3（16GB/WiFi版）,2014,10,2800,1,16,iOS 8,苹果 A7,7.9,2048x1536,331,195,9.6,聚合物锂电池,
苹果,苹果iPad Air 2（16GB/WiFi版）,2014,10,2388,2,16,iOS 8,苹果 A8X,9.7,2048x1536,437,381,8.8,聚合物锂电池,
苹果,苹果iPod touch 2（8GB）,,,1750,,,苹果iOS,,3.5,480*320,115,9,7.6,,
苹果,苹果iPod touch 2（16GB）,,,2300,,,苹果iOS,,3.5,480*320,115,9,7.6,,
苹果,苹果iPod touch 2（32GB）,,,3150,,,苹果iOS,,3.5,480*320,115,9,7.6,,
苹果,苹果iPod touch 5（16GB）,2013,6,1450,,16,iOS 7,苹果 A5,4,1136x640,88,78,8.8,锂电池,
苹果,苹果12.9英寸iPad Pro（32GB/WiFi版）,2015,11,5488,4,32,iOS 9,苹果 A9X/M9,12.9,2732x2048,713,261,9,聚合物锂电池,
苹果,苹果iPad（32GB/WiFi版）,2010,,3450,,32,iOS,,9.7,1024×768,692,23,7.4,锂电池,
苹果,苹果iPad（64GB/WiFi版）,2010,,3650,,64,iOS,,9.7,1024×768,692,23,7.4,锂电池,
苹果,苹果iPad Air 2（16GB/Cellular）,2014,10,3099,2,16,iOS 8,苹果 A8X,9.7,2048x1536,444,381,8.8,聚合物锂电池,
苹果,苹果iPad Air 2（64GB/WiFi版）,2014,10,3588,2,64,iOS 8,苹果 A8X,9.7,2048x1536,437,381,8.8,聚合物锂电池,
苹果,苹果iPad Air 2（64GB/Cellular）,2014,10,4588,2,64,iOS 8,苹果 A8X,9.7,2048x1536,444,381,8.8,聚合物锂电池,
苹果,苹果iPad Air 2（128GB/WiFi版）,2014,10,3288,2,128,iOS 8,苹果 A8X,9.7,2048x1536,437,381,8.8,聚合物锂电池,
苹果,苹果iPad Air 2（128GB/Cellular）,2014,10,4399,2,128,iOS 8,苹果 A8X,9.7,2048x1536,444,381,8.8,聚合物锂电池,
苹果,苹果iPad mini 3（16GB/Cellular）,2014,10,3700,1,16,iOS 8,苹果 A7,7.9,2048x1536,341,195,9.6,聚合物锂电池,
苹果,苹果iPad mini 3（64GB/WiFi版）,2014,10,3400,1,64,iOS 8,苹果 A7,7.9,2048x1536,331,195,9.6,聚合物锂电池,
苹果,苹果iPad mini 3（128GB/Cellular）,2014,10,5050,1,128,iOS 8,苹果 A7,7.9,2048x1536,341,195,9.6,聚合物锂电池,
苹果,苹果iPad mini 3（128GB/WiFi版）,2014,10,4100,1,128,iOS 8,苹果 A7,7.9,2048x1536,331,195,9.6,聚合物锂电池,
苹果,苹果iPad mini 3（64GB/Cellular）,2014,10,4300,1,64,iOS 8,苹果 A7,7.9,2048x1536,341,195,9.6,聚合物锂电池,
苹果,苹果iPod touch 3（8GB）,,,1380,,,苹果iOS,,3.5,480×320,115,19,8.2,锂电池,
苹果,苹果12.9英寸新iPad Pro（512GB/WLAN）,2017,6,8888,,512,iOS 10,苹果 A10X,12.9,2732x2048,677,261,9,聚合物锂电池,
苹果,苹果iPod touch 3（32GB）,,,1399,,3,苹果iOS,,3.5,480×320,115,19,8.2,锂电池,
苹果,苹果iPod touch 3（64GB）,,,1499,,6,苹果iOS,,3.5,480×320,115,19,8.2,锂电池,
苹果,苹果iPad Air（32GB/WiFi版）,2013,10,2588,,32,iOS 8,苹果 A7,9.7,2048x1536,469,341,8.9,聚合物锂电池,
苹果,苹果iPad Air（64GB/WiFi版）,2013,10,3550,,64,iOS 7,苹果 A7,9.7,2048x1536,469,341,8.9,聚合物锂电池,
苹果,苹果iPad Air（128GB/WiFi版）,2013,10,4200,,128,iOS 7,苹果 A7,9.7,2048x1536,469,341,8.9,聚合物锂电池,
苹果,苹果iPad Air（16GB/Cellular）,2013,10,2288,,16,iOS 8,苹果 A7,9.7,2048x1536,478,341,8.9,聚合物锂电池,
苹果,苹果iPad Air（32GB/Cellular）,2013,10,4000,,32,iOS 8,苹果 A7,9.7,2048x1536,478,341,8.9,聚合物锂电池,
苹果,苹果iPad Air（64GB/Cellular）,2013,10,4600,,64,iOS 7,苹果 A7,9.7,2048x1536,478,341,8.9,聚合物锂电池,
苹果,苹果iPad Air（128GB/Cellular）,2013,10,5150,,128,iOS 7,苹果 A7,9.7,2048x1536,478,341,8.9,聚合物锂电池,
苹果,苹果iPad 2（16GB/WiFi+3G版）,2011,5,3800,0.5,16,iOS 4.3,苹果 A5,9.7,1024x768,613,107,8.4,聚合物锂电池,
苹果,苹果iPad 2（32GB/WiFi+3G版）,2011,5,4688,0.5,32,iOS 4.3,苹果 A5,9.7,1024x768,613,107,8.4,聚合物锂电池,
苹果,苹果iPad 2（32GB/WiFi版）,2011,5,3150,0.5,32,iOS 4.3,苹果 A5,9.7,1024x768,601,107,8.4,聚合物锂电池,
苹果,苹果iPad 2（64GB/WiFi版）,2011,5,4488,0.5,64,iOS 4.3,苹果 A5,9.7,1024x768,601,107,8.4,聚合物锂电池,
苹果,苹果iPad 2（64GB/WiFi+3G版）,2011,5,5450,0.5,64,iOS 4.3,苹果 A5,9.7,1024x768,613,107,8.4,聚合物锂电池,
苹果,苹果新款9.7英寸iPad（32GB/WiFi版）,2018,3,2588,,32,iOS 11,苹果 A10 Fusion,9.7,2048x1536,469,154,9.8,聚合物锂电池,8756
苹果,苹果iPad mini（16GB/WiFi版）,2012,10,1798,,16,iOS 8,苹果 A5,7.9,1024x768,308,206,8.4,锂电池,
苹果,苹果12.9英寸新iPad Pro（256GB/WLAN）,2017,6,8899,,256,iOS 10,苹果 A10X,12.9,2732x2048,677,261,9,聚合物锂电池,
苹果,苹果12.9英寸新iPad Pro（256GB/Cellular）,2017,6,8688,,256,iOS 10,苹果 A10X,12.9,2732x2048,692,261,9,聚合物锂电池,
苹果,苹果12.9英寸新iPad Pro（64GB/Cellular）,2017,6,7488,,64,iOS 10,苹果 A10X,12.9,2732x2048,692,261,9,聚合物锂电池,
苹果,苹果12.9英寸新iPad Pro（64GB/WLAN）,2017,6,5788,,64,iOS 10,苹果 A10X,12.9,2732x2048,677,261,9,聚合物锂电池,
苹果,苹果The new iPad（16GB/WiFi版）,2012,5,3388,1,16,iOS 5.1,苹果 A5X,9.7,2048x1536,652,76,8.2,聚合物锂电池,
苹果,苹果9.7英寸iPad Pro（128GB/WiFi版）,2016,3,4288,2,128,iOS 9.3,苹果 A9X/M9,9.7,2048x1536,437,167,9.6,聚合物锂电池,
苹果,苹果9.7英寸iPad Pro（256GB/WiFi版）,2016,3,5888,2,256,iOS 9.3,苹果 A9X/M9,9.7,2048x1536,437,167,9.6,聚合物锂电池,
苹果,苹果9.7英寸iPad Pro（32GB/Cellular）,2016,3,2368,2,32,iOS 9.3,苹果 A9X/M9,9.7,2048x1536,444,167,9.6,聚合物锂电池,
苹果,苹果9.7英寸iPad Pro（128GB/Cellular）,2016,3,5199,2,128,iOS 9.3,苹果 A9X/M9,9.7,2048x1536,444,167,9.6,聚合物锂电池,
苹果,苹果9.7英寸iPad Pro（256GB/Cellular）,2016,3,6388,2,256,iOS 9.3,苹果 A9X/M9,9.7,2048x1536,444,167,9.6,聚合物锂电池,
苹果,苹果12.9英寸iPad Pro（256GB/WiFi版）,2016,3,7099,4,256,iOS 9,苹果 A9X/M9,12.9,2732x2048,713,261,9,聚合物锂电池,
苹果,苹果12.9英寸iPad Pro（256GB/Cellular）,2016,3,8188,4,256,iOS 9,苹果 A9X/M9,12.9,2732x2048,723,261,9,聚合物锂电池,
苹果,苹果12.9英寸iPad Pro（64GB/WLAN）,2017,6,7278,,64,iOS 10,苹果 A10X,12.9,2732x2048,677,261,9,聚合物锂电池,
苹果,苹果iPod touch 4 白色（8GB）,2011,12,1350,,8,iOS 5,,3.5,960x640,101,85,8.2,锂电池,
苹果,苹果iPod touch 4 白色（32GB）,2011,10,1400,,32,iOS 5,,3.5,960x640,101,85,8.2,锂电池,
苹果,苹果iPod touch 4 白色（64GB）,2011,10,2998,,64,iOS 5,,3.5,960x640,101,85,8.2,锂电池,
苹果,苹果iPad 2（16GB/WiFi版）,2011,5,2700,0.5,16,iOS 4.3,苹果 A5,9.7,1024x768,601,107,8.4,聚合物锂电池,
苹果,苹果iPad 4（128GB/WiFi版）,2013,,5900,1,128,iOS 6,苹果 A6X,9.7,2048x1536,652,73,8.3,聚合物锂电池,
苹果,苹果iPad 4（128GB/Cellular）,2013,,6900,1,128,iOS 6,苹果 A6X,9.7,2048x1536,662,73,8.3,聚合物锂电池,
苹果,苹果iPad Air 2（32GB/Cellular）,2016,9,3788,2,32,iOS 9,苹果 A8X,9.7,2048x1536,444,381,8.8,聚合物锂电池,
苹果,苹果iPad Air 2（32GB/WiFi版）,2014,10,2299,2,32,iOS 10,苹果 A8X,9.7,2048x1536,437,381,8.8,聚合物锂电池,
苹果,苹果iPad（16GB/WiFi+3G版）,2010,,3400,,16,iOS,,9.7,1024×768,730,10,8,,
苹果,苹果iPad（32GB/WiFi+3G版）,2010,,3650,,32,iOS,,9.7,1024×768,730,10,8,锂电池,
苹果,苹果iPad（64GB/WiFi+3G版）,2010,,3800,,64,iOS,,9.7,1024×768,730,10,8,锂电池,
苹果,苹果12.9英寸新iPad Pro（512GB/Cellular）,2017,6,9088,,512,iOS 10,苹果 A10X,12.9,2732x2048,692,261,9,聚合物锂电池,
苹果,苹果9.7英寸iPad Pro（32GB/WiFi版）,2016,3,4388,2,32,iOS 9.3,苹果 A9X/M9,9.7,2048x1536,437,167,9.6,聚合物锂电池,
华为,华为MatePad 11(6GB/128GB/WLAN),2021,7,2799,6,128,HarmonyOS 2,高通 骁龙865,10.95,2560x1600,485,8350,9.2,锂聚合物电池,7250
华为,华为MatePad 11英寸 2023（6GB/128GB/WiFi/标准版/曜石黑）,2023,,2298,6,128,HarmonyOS 3,高通 骁龙865,11,2560x1600,449,1,2,锂聚合物电池,8300
华为,华为MatePad SE 10.4(4GB/128GB/WiFi),2023,2,1293,4,128,HarmonyOS 3,高通 骁龙680,10.4,2000x1200,468,2,8,锂电池,7700
华为,HUAWEI MatePad Pro 11英寸(8GB/128GB/WIFI),2022,8,3494,8,128,HarmonyOS 3,高通 骁龙870,11,2560x1600,449,102,9.9,锂聚合物电池,8300
华为,HUAWEI MatePad 10.4英寸 2022款（6GB/128GB/WiFi）,2022,3,1853,6,128,HarmonyOS 2,海思 麒麟710A,10.4,2000x1000,450,4423,10,锂电池,7250
华为,华为MatePad Pro 10.8英寸 2021款(8GB/128GB/WiFi),2021,6,3799,8,128,HarmonyOS 2,高通 骁龙870,10.8,2560x1600,460,3041,9.4,锂聚合物电池,7250
华为,华为平板M6 8.4英寸（4GB/64GB/WiFi）,2019,6,1799,4,64,EMUI 9.1,海思 麒麟980,8.4,2560x1600,320,703,9.1,锂聚合物电池,7250
华为,华为MatePad Pro(6GB/128GB/WiFi版),2019,11,3599,6,128,EMUI 10.0.1 (基于Android 10.0),海思 麒麟990,10.8,2560x1600,460,1981,9.5,锂聚合物电池,7250
华为,华为MatePad SE（4GB/128GB/WiFi）,2022,5,1499,4,128,HarmonyOS 2,海思 麒麟710A,10.1,1920x1200,450,1431,8.5,锂电池,5100
华为,华为MatePad Pro 12.6英寸(8GB/256GB/WiFi),2021,6,5299,8,256,HarmonyOS 2,海思 麒麟9000E,12.6,2560x1600,609,2990,9.5,锂聚合物电池,10050
华为,华为MatePad(4GB/64GB/WiFi版),2020,4,1599,4,64,HarmonyOS 2,海思 麒麟810,10.4,2000x1200,450,1303,8.9,锂电池,7250
华为,华为MatePad 11英寸 2023（8GB/128GB/WiFi/标准版/曜石黑）,2023,,2499,8,128,HarmonyOS 3,高通 骁龙870,11,2560x1600,449,1,2,锂聚合物电池,8300
华为,HUAWEI MatePad 10.4英寸 2022款 悦动版（6GB/64GB/WiFi）,2022,3,2099,6,64,HarmonyOS 2,高通 骁龙778G 4G,10.4,2000x1200,450,4423,10,锂电池,7250
华为,HUAWEI MatePad Pro 12.6英寸 2022(8GB+128GB/wifi),2022,9,4298,8,128,HarmonyOS 3,麒麟9000E,12.6,2560x1600,,18,9.8,锂离子聚合物电池,10050
华为,华为MatePad 11英寸 2023（8GB/128GB/WiFi/柔光版/流光紫）,2023,,2699,8,128,HarmonyOS 3,高通 骁龙870,11,2560x1600,449,1,2,锂聚合物电池,8300
华为,HUAWEI MatePad 10.4英寸 2022款 悦动版（6GB/128GB/WiFi）,2022,3,2399,6,128,HarmonyOS 2,高通 骁龙778G 4G,10.4,2000x1200,450,4423,10,锂电池,7250
华为,华为MatePad (6GB/128GB/WiFi/麒麟820),2020,10,2099,6,128,EMUI 10.1（基于Google Android 10）,海思 麒麟820,10.4,2000x1200,460,2293,9.3,锂电池,7250
华为,华为MatePad SE（4GB/128GB/全网通）,2022,5,1548,4,128,HarmonyOS 2,海思 麒麟710A,10.1,1920x1200,450,1431,8.5,锂电池,5100
华为,HUAWEI MatePad Pro 11英寸(8GB/128GB/WIFI/性能版),2022,8,3699,8,128,HarmonyOS 3,高通 骁龙888,11,2560x1600,449,102,9.9,锂聚合物电池,8300
华为,华为MatePad 11英寸 2023（8GB/128GB/WiFi/柔光版/晶钻白）,2023,,2699,8,128,HarmonyOS 3,高通 骁龙870,11,2560x1600,449,1,2,锂聚合物电池,8300
华为,华为MatePad SE 10.4(6GB/128GB/WiFi),2023,2,1389,6,128,HarmonyOS 3,高通 骁龙680,10.4,2000x1200,468,2,8,锂电池,7700
华为,华为MatePad Pro 12.6英寸(8GB/128GB/WiFi),2021,6,4999,8,128,HarmonyOS 2,海思 麒麟9000E,12.6,2560x1600,609,2990,9.5,锂聚合物电池,10050
华为,HUAWEI MatePad 10.4英寸 2022款（6GB/64GB/WiFi）,2022,3,1699,6,64,HarmonyOS 2,海思 麒麟710A,10.4,2000x1200,450,4423,10,锂电池,7250
华为,华为平板M6 10.8英寸（6GB/256GB/全网通）,2019,6,3800,6,256,Android9.0+EMUI 9.1,海思 麒麟980,10.8,2560x1600,498,703,9.1,锂电池,7500
华为,华为MatePad (4GB/64GB/WiFi/麒麟820),2020,10,1699,4,64,EMUI 10.1（基于Google Android 10）,海思 麒麟820,10.4,2000x1200,460,2293,9.3,锂电池,7250
华为,华为MatePad 11英寸 2023（8GB/256GB/WiFi/柔光版/晶钻白）,2023,,2999,8,256,HarmonyOS 3,高通 骁龙870,11,2560x1600,449,1,2,锂聚合物电池,8300
华为,HUAWEI MatePad Pro 11英寸(8GB/256GB/WIFI),2022,8,3679,8,256,HarmonyOS 3,高通 骁龙870,11,2560x1600,449,102,9.9,锂聚合物电池,8300
华为,华为平板M6 8.4英寸（8GB/128GB/全网通）,2019,6,2299,8,128,EMUI 9.1,海思 麒麟980,8.4,2560x1600,320,703,9.1,锂聚合物电池,6100
华为,HUAWEI MatePad 10.4英寸 2022款 悦动版（6GB/128GB/LTE）,2022,3,2489,6,128,HarmonyOS 2,高通 骁龙778G 4G,10.4,2000x1200,450,4423,10,锂电池,7250
华为,华为MatePad Pro 12.6英寸(12GB/512GB/WiFi/键盘/笔),2021,9,8199,12,512,HarmonyOS 2,海思 麒麟9000E,12.6,2560x1600,609,2990,9.5,锂聚合物电池,10050
华为,华为MatePad 5G(6GB/128GB/全网通),2020,9,3199,6,128,EMUI 10.1（基于Google Android 10）,海思 麒麟820,10.4,2000x1200,460,2293,9.3,锂电池,7250
华为,华为MatePad 11英寸 2023（8GB/256GB/WiFi/柔光版/曜石黑）,2023,,2999,8,256,HarmonyOS 3,高通 骁龙870,11,2560x1600,449,1,2,锂聚合物电池,7250
华为,华为平板C5e(4GB/64GB/WiFi版),,,1749,4,64,华为EMUI 10.1（基于Android 10）,海思 麒麟710A,10.1,1920×1200,,0,0,锂聚合物电池,容量：5100mAh(典型值)，4980mAh（额定值）
华为,HUAWEI MatePad Pro 12.6英寸 2022(8GB+256GB/wifi),2022,9,4999,8,256,HarmonyOS 3,麒麟9000E,12.6,2560x1600,,18,9.8,锂离子聚合物电池,10050
华为,华为MatePad (4GB/128GB/WiFi/麒麟820),2020,10,1899,4,128,EMUI 10.1（基于Google Android 10）,海思 麒麟820,10.4,2000x1200,460,2293,9.3,锂电池,7250
华为,华为平板M6 10.8英寸（4GB/64GB/全网通）,2019,6,2799,4,64,Android9.0+EMUI 9.1,海思 麒麟980,10.8,2560x1600,498,703,9.1,锂电池,7500
华为,华为平板C7(6GB/128GB/WiFi),2022,,3549,6,128,HarmonyOS 2,高通 骁龙865,10.95,2560x1600,485,2,10,锂电池,7259mAh典型值，7150额定值
华为,华为MatePad Pro 12.6英寸(12GB/512GB/5G版/键盘/笔),2021,9,10199,12,512,HarmonyOS 2,海思 麒麟9000E,12.6,2560x1600,609,2990,9.5,锂聚合物电池,10050
华为,华为MatePad SE 10.4 6GB/128GB/LTE,2023,2,1699,6,128,HarmonyOS 3,高通 骁龙680,10.4,2000x1200,468,2,8,锂电池,7700
华为,华为平板M6 8.4英寸（8GB/128GB/WiFi）,2019,6,1949,8,128,EMUI 9.1,海思 麒麟980,8.4,2560x1600,320,703,9.1,锂聚合物电池,6100
华为,华为平板M6 8.4英寸（4GB/64GB/全网通）,2019,6,2199,4,64,EMUI 9.1,海思 麒麟980,8.4,2560x1600,320,703,9.1,锂聚合物电池,6100
华为,HUAWEI MatePad Pro 11英寸(12GB/512GB/WIFI/性能版),2022,8,5494,12,512,HarmonyOS 3,高通 骁龙888,11,2560x1600,449,102,9.9,锂聚合物电池,8300
华为,华为平板M6 10.8英寸（4GB/64GB/WiFi）,2019,6,2599,4,64,Android9.0+EMUI 9.1,海思 麒麟980,10.8,2560x1600,498,703,9.1,锂电池,7500
华为,HUAWEI MatePad Pro 12.6英寸 2022(12GB+512GB/wifi),2022,9,6899,12,512,HarmonyOS 3,麒麟9000E,12.6,2560x1600,,18,9.8,锂离子聚合物电池,10050
华为,HUAWEI MatePad Pro 11英寸(8GB/256GB/WIFI/性能版),2022,8,3999,8,256,HarmonyOS 3,高通 骁龙888,11,2560x1600,449,102,9.9,锂聚合物电池,8300
华为,华为MatePad Pro 12.6英寸(8GB/256GB/5G版/键盘/笔),2021,6,7999,8,256,HarmonyOS 2,海思 麒麟9000,12.6,2560x1600,609,2990,9.5,锂聚合物电池,10050
华为,HUAWEI MatePad Pro 11英寸(8GB/256GB/全网通/性能版),2022,8,5294,8,256,HarmonyOS 3,高通 骁龙888,11,2560x1600,449,102,9.9,锂聚合物电池,8300
华为,华为平板C5 2021 (4GB/64GB/WiFi),2021,,2599,4,64,华为EMUI 10.1（基于Android 10）,海思 麒麟820,10.4,2000*1200,460,0,0,锂聚合物电池,典型值7250mAh，额定值4400mAh
华为,HUAWEI MatePad Pro 11英寸(12GB/512GB/全网通/性能版/键盘/笔),2022,8,7699,12,512,HarmonyOS 3,高通 骁龙888,11,2560x1600,449,102,9.9,锂聚合物电池,8300
华为,华为平板C5 2021 (4GB/128GB/WiFi),2021,,2609,4,128,华为EMUI 10.1（基于Android 10）,海思 麒麟820,10.4,2000*1200,460,0,0,锂聚合物电池,典型值7250mAh，额定值4400mAh
华为,华为MatePad Pro 12.6英寸(8GB/512GB/WiFi/键盘/笔),2021,7,7599,8,512,HarmonyOS 2,海思 麒麟9000E,12.6,2560x1600,609,2990,9.5,锂聚合物电池,10050
华为,华为平板M6 10.8英寸（4GB/128GB/WiFi）,2019,6,2699,4,128,Android9.0+EMUI 9.1,海思 麒麟980,10.8,2560x1600,498,703,9.1,锂电池,7500
华为,华为MatePad 11英寸 2023（8GB/128GB/WiFi/标准版/晶钻白）,2023,,2499,8,128,HarmonyOS 3,高通 骁龙870,11,2560x1600,449,1,2,锂聚合物电池,8300
华为,华为MatePad Pro 12.6英寸(8GB/128GB/WiFi/键盘/笔),2021,6,6699,8,128,HarmonyOS 2,海思 麒麟9000E,12.6,2560x1600,609,2990,9.5,锂聚合物电池,10050
华为,华为MatePad Pro 12.6英寸(8GB/512GB/5G版/键盘/笔),2021,7,8899,8,512,HarmonyOS 2,海思 麒麟9000,12.6,2560x1600,609,2990,9.5,锂聚合物电池,10050
华为,华为平板M6 10.8英寸（4GB/128GB/全网通）,2019,6,4999,4,128,EMUI 9.1,海思 麒麟980,10.8,2560x1600,498,703,9.1,锂电池,7500
华为,华为平板C5e(4GB/64GB/LTE版),,,2099,4,64,华为EMUI 10.1（基于Android 10）,海思 麒麟710A,10.1,1920×1200,,0,0,锂聚合物电池,容量：5100mAh(典型值)，4980mAh（额定值）
华为,华为MatePad 11英寸 2023（8GB/128GB/WiFi/柔光版/曜石黑）,2023,,2699,8,128,HarmonyOS 3,高通 骁龙870,11,2560x1600,480,1,2,锂聚合物电池,8300
华为,华为平板M6 8.4英寸（4GB/128GB/WiFi）,2019,6,2199,4,128,EMUI 9.1,海思 麒麟980,8.4,2560x1600,320,703,9.1,锂聚合物电池,6100
华为,华为MatePad 11英寸 2023（8GB/128GB/WiFi/标准版/流光紫）,2023,,2499,8,128,HarmonyOS 3,高通 骁龙870,11,2560x1600,449,1,2,锂聚合物电池,8300
华为,HUAWEI MatePad 10.4英寸 2022款（4GB/128GB/WiFi）,2022,3,1899,4,128,HarmonyOS 2,海思 麒麟710A,10.4,2000x1000,450,4423,10,锂电池,7250
华为,华为平板M6 8.4英寸（4GB/128GB/全网通）,2019,6,2499,4,128,EMUI 9.1,海思 麒麟980,8.4,2560x1600,320,703,9.1,锂聚合物电池,6100
华为,华为MediaPad S7-301u,2012,5,2399,,8,Android3.2,,7,1280x800,390,3,8,锂电池,
华为,华为MediaPad M5 10 Pro（4GB/128GB/LTE）,2018,,4659,4,128,,海思 麒麟960,10,2560x1600,,163,9.8,,
小米,小米平板5 Pro(8GB/256GB/WiFi版),2021,8,2699,8,256,MIUI 12.5 （基于 Android 11）,高通 骁龙870,11,2560x1600,515,5126,9.9,锂电池,8600
小米,小米平板5(6GB/256GB/WiFi),2021,8,2299,6,256,MIUI 12.5 （基于 Android 11）,高通 骁龙860,11,2560x1600,511,5937,8.8,锂电池,8720
小米,小米平板5 Pro 12.4(6GB/128GB/WiFi),2022,8,2699,6,128,MIUI 13 （基于 Android 12）,高通 骁龙870,12.4,2560x1600,620,415,8.8,锂电池,10000
小米,小米平板4（4GB/64GB/WiFi版）,2018,6,1445,4,64,Android8.1,骁龙660 AIE,8,1920x1200,342.5,416,8.4,锂电池,6000
小米,小米平板5 Pro(6GB/128GB/WiFi版),2021,8,1999,6,128,MIUI 12.5 （基于 Android 11）,高通 骁龙870,11,2560x1600,515,5126,9.9,锂电池,8600
小米,小米平板5 Pro 12.4(8GB/256GB/WiFi),2022,8,2999,8,256,MIUI 13 （基于 Android 12）,高通 骁龙870,12.4,2560x1600,620,415,8.8,锂电池,10000
小米,小米平板5 Pro(8GB/256GB/5G版),2021,8,3199,8,256,MIUI 12.5 （基于 Android 11）,高通 骁龙870,11,2560x1600,518,5126,9.9,锂电池,8600
小米,小米平板5 Pro 12.4(12GB/512GB/WiFi),2022,8,2799,12,512,MIUI 13 （基于 Android 12）,高通 骁龙870,12.4,2560x1600,620,415,8.8,锂电池,10000
小米,小米平板5 Pro(6GB/256GB/WiFi版),2021,8,2499,6,256,MIUI 12.5 （基于 Android 11）,高通 骁龙870,11,2560x1600,515,5126,9.9,锂电池,8600
小米,小米平板5 Pro 12.4(8GB/128GB/WiFi),2022,8,2999,8,128,MIUI 13 （基于 Android 12）,高通 骁龙870,12.4,2560x1600,620,415,8.8,锂电池,10000
小米,小米平板5(8GB/256GB/WiFi),2022,,2459,8,256,MIUI 12.5 （基于 Android 11）,高通 骁龙860,11,2560x1600,511,5937,8.8,锂电池,8720
小米,小米平板5 Pro(8GB/128GB/WiFi版),2021,8,2599,8,128,MIUI 12.5 （基于 Android 11）,高通 骁龙870,11,2560x1600,515,5126,9.9,锂电池,8600
小米,小米平板5(8GB/128GB/WiFi),2022,9,2099,8,128,MIUI 12.5 （基于 Android 11）,高通 骁龙860,11,2560x1600,511,5937,8.8,锂电池,8720
三星,三星Galaxy Tab S8（128GB/5G版）,2022,3,5999,8,128,Android12（One UI 4.1）,高通 骁龙8 Gen1,11,2560x1600,507,79,9.9,聚合物锂电池,8000
三星,三星Galaxy Tab S8 Ultra（16GB/512GB/5G版/键盘套装）,2022,3,9999,16,512,Android12（One UI 4.1）,高通 骁龙8 Gen1,14.6,2960x1920,728,193,10,聚合物锂电池,11200
三星,三星Galaxy Tab S7(6GB/128GB/WLAN版),2020,8,4699,6,128,Android10,高通 骁龙865+,11,2560x1600,498,310,8.2,聚合物锂电池,8000
三星,三星Galaxy Tab S8+（128GB/5G版）,2022,3,7399,8,128,Android12（One UI 4.1）,高通 骁龙8 Gen1,12.4,2800x1752,572,44,9.9,聚合物锂电池,10090
三星,三星Galaxy Tab S8 Ultra（16GB/512GB/WLAN版）,2022,3,8999,16,512,Android12（One UI 4.1）,高通 骁龙8 Gen1,14.6,2960x1848,726,193,10,聚合物锂电池,11200
三星,三星Galaxy Tab S6 WLAN(6GB/128GB),2019,9,5299,6,128,Android9,高通 骁龙855,10.5,2560x1600,420,79,7.8,7040mAh锂电池（典型值）,
三星,三星Galaxy Tab S6 Lite（4GB/64GB）,2020,,2599,4,64,ONE UI2.1,三星 Exynos 9611,10.4,2000x1200,465,109,9.7,锂电池,7040
三星,三星Galaxy Tab A8(4GB/64GB/WLAN版),2022,1,1399,4,64,Android,紫光展锐 虎贲 T618,10.5,1920x1200,508,179,9.4,锂电池,7040
三星,三星Galaxy Tab S8 Ultra（16GB/512GB/WLAN版/键盘套装）,2022,3,10999,16,512,Android12（One UI 4.1）,高通 骁龙8 Gen1,14.6,2960x1848,726,193,10,聚合物锂电池,11200
三星,三星Galaxy Tab A8(4GB/128GB/WLAN版),2022,1,1699,4,128,Android,紫光展锐 虎贲 T618,10.5,1920x1200,508,179,9.4,锂电池,7040
三星,三星Galaxy Tab S8+（256GB/WLAN版）,2022,3,6699,8,256,Android12（One UI 4.1）,高通 骁龙8 Gen1,12.4,2800x1752,567,2,9.9,聚合物锂电池,10090
三星,三星Galaxy Tab S6 4G(8GB/256GB),2019,9,2899,8,256,Android9,高通 骁龙855,10.5,2560x1600,420,79,7.8,7040mAh锂电池（典型值）,
三星,三星Galaxy Tab S8（128GB/WLAN）,2022,3,4999,8,128,Android12（One UI 4.1）,高通 骁龙8 Gen1,11,2560x1600,503,66,9.9,聚合物锂电池,8000
三星,三星Galaxy Tab S6 Lite（4GB/128GB）,2020,,2899,4,64,ONE UI2.1,三星 Exynos 9611,10.4,2000x1200,465,109,9.7,锂电池,7040
三星,三星Galaxy Tab S8+（128GB/WLAN版）,2022,3,6399,8,128,Android12（One UI 4.1）,高通 骁龙8 Gen1,12.4,2800x1752,567,44,9.9,聚合物锂电池,10090
三星,三星Galaxy Tab S6 Lite 4g(4GB/64GB),2020,,3099,4,64,Android 10.0,三星 Eyxnos 9611,10.4,2000x1200,,108,9.7,锂电池,7040
三星,三星Galaxy Tab S8（256GB/WLAN）,2022,3,5299,8,256,Android12（One UI 4.1）,高通 骁龙8 Gen1,11,2560x1600,503,79,9.9,聚合物锂电池,8000
三星,三星Galaxy Tab S8+（256GB/5G版）,2022,3,7699,8,256,Android12（One UI 4.1）,高通 骁龙8 Gen1,12.4,2800x1752,572,2,9.9,聚合物锂电池,10000
三星,三星Galaxy Tab S8（256GB/5G版）,2022,3,6299,8,256,Android12（One UI 4.1）,高通 骁龙8 Gen1,11,2560x1600,507,79,9.9,聚合物锂电池,8000
三星,三星Galaxy Tab S8 Ultra（16GB/512GB/5G版）,2022,3,9069,16,512,Android12（One UI 4.1）,高通 骁龙8 Gen1,14.6,2960x1848,728,193,10,聚合物锂电池,11200
三星,三星Galaxy Tab A8 Lite(4GB/128GB/WLAN版),2022,1,1999,4,128,Android,紫光展锐 虎贲 T618,10.5,1920x1200,508,179,9.4,锂电池,7040
三星,三星Galaxy Tab A T290(WLAN版),2019,,1299,3,32,Android P,,8,1280 x 800 (WXGA),345,15,8.1,5100毫安,
三星,三星Galaxy Tab A T295(4G版),2019,11,1699,3,32,Android P,,8,1280 x 800 (WXGA),345,3,8,5100毫安,
三星,三星Galaxy Tab A8 Lite(4GB/64GB/WLAN版),2022,1,1699,4,64,Android,紫光展锐 虎贲 T618,10.5,1920x1200,508,179,9.4,锂电池,7040
三星,三星Galaxy Tab S6 Lite 4g(4GB/128GB),2020,,3399,4,128,Android 10.0,三星 Eyxnos 9611,10.4,2000x1200,,109,9.7,锂电池,7040
三星,三星Galaxy Tab S6 WLAN(8GB/256GB),2019,9,7869,8,256,Android9,高通 骁龙855,10.5,2560x1600,420,79,7.8,7040mAh锂电池（典型值）,
三星,三星Galaxy View 2（64GB/联通版）,,,8159,4,64,Android 8.1,Exynos 7885,17.3,1920x1080,386,4,8.9,,
三星,三星Galaxy S WiFi 4.0（8GB）,,,1799,,,Android2.2,,4,800×480,121,2,7,1200mAh,
三星,三星Slate XE700T1A-A02,2012,5,8900,4,64,Windows 7 Home Premium,Intel 酷睿i5 2467M,11.6,1366x768,860,17,8.3,4芯锂电池,
三星,三星Slate XE700T1A,2011,11,8900,4,64,Windows 7 旗舰版,Intel 酷睿 i3,11.6,1366x768,860,17,8.3,4芯锂电池,
三星,三星700T1A（Windows 8）,2011,12,11000,4,64,Windows 8（简体中文版）,Intel 酷睿i5 2467M,11.6,1366x768,860,5,8.8,锂电池,
三星,三星Slate XE700T1A-A03US,2011,11,11200,4,128,Windows 7 旗舰版,Intel 酷睿i5 2467M,11.6,1366x768,860,17,8.3,4芯锂电池,
三星,三星Galaxy Book（8GB/256GB/12英寸/WiFi版）,2017,2,7590,8,256,Windows 10,Intel 酷睿i5 7200U,12,2160x1440,754,1,10,锂电池,
荣耀,荣耀平板V8 Pro（8GB/128GB/WiFi版）,2022,12,2599,8,128,MagicOS 7.0（基于Android 12）,联发科 天玑8100,12.1,2560x1600,589,43,9.9,聚合物锂电池,10050
荣耀,荣耀平板8 （4GB/128GB/WiFi版）,2022,7,1499,4,128,Magic UI 6.1（基于Android S）,高通 骁龙680,12,2000x1200,,216,10,锂离子聚合物电池,7250
荣耀,荣耀平板V7 Pro（8GB/128GB/WiFi）,2021,8,2799,8,128,Magic UI 4.0（基于Android 11）,联发科 迅鲲1300T,11,2560x1600,485,2215,9.2,聚合物锂电池,7250
荣耀,荣耀平板7(4GB/64GB/WiFi),2021,3,1199,4,64,Magic UI 4.0（基于Android 10）,联发科 MT8786,10.1,1920x1200,,2307,8.8,聚合物锂电池,5100
荣耀,荣耀平板V7 Pro（6GB/128GB/WiFi）,2021,8,2599,6,128,Magic UI 4.0（基于Android 11）,联发科 迅鲲1300T,11,2560x1600,485,2215,9.2,聚合物锂电池,7250
荣耀,荣耀平板X8（6GB/128GB/WiFi版）,2022,9,1399,6,128,Magic UI 4.0（基于Android 10）,MediaTek MT8786,10.1,1920x1200,460,10,10,锂离子聚合物电池,5100
荣耀,荣耀平板V7 Pro（8GB/256GB/WiFi）,2021,8,3299,8,256,Magic UI 4.0（基于Android 11）,联发科 迅鲲1300T,11,2560x1600,485,2215,9.2,聚合物锂电池,7250
荣耀,荣耀平板V7 Pro（8GB/256GB/5G版）,2021,10,3398,8,256,Magic UI 5.0（基于Android 11）,联发科 迅鲲1300T,11,2560x1600,485,2215,9.2,聚合物锂电池,7250
荣耀,荣耀平板V8 Pro（12GB/256GB/WiFi版）,2022,12,2999,12,256,MagicOS 7.0（基于Android 12）,联发科 天玑8100,12.1,2560x1600,589,43,9.9,聚合物锂电池,10050
荣耀,荣耀平板V6 10.4英寸（64GB/WiFi版）,2020,5,2199,6,64,Magic UI 3.1,海思 麒麟985,10.4,2000x1200,480,3575,8.9,锂电池,7250
荣耀,荣耀平板V7（8GB/128GB/WiFi）,2021,9,2299,8,128,Magic UI 5.0（基于Android 11）,联发科 迅鲲900T,10.4,2000x1200,480,1487,9.2,聚合物锂电池,7250
荣耀,荣耀平板8  （6GB/128GB/WiFi版）,2022,7,1799,6,128,Magic UI 6.1（基于Android S）,高通 骁龙680,12,2000x1200,,216,10,锂离子聚合物电池,7250
荣耀,荣耀平板V7（6GB/128GB/WiFi）,2021,9,1999,6,128,Magic UI 5.0（基于Android 11）,联发科 迅鲲900T,10.4,2000x1200,480,1487,9.2,聚合物锂电池,7250
荣耀,荣耀平板V8 Pro（8GB/256GB/WiFi版）,2022,12,2679,8,256,MagicOS 7.0（基于Android 12）,联发科 天玑8100,12.1,2560x1600,589,43,9.9,聚合物锂电池,10050
荣耀,荣耀平板6（3GB/32GB/WiFi）,2020,7,1299,3,32,,海思 麒麟710A,10.1,1920x1200,460,994,8.7,聚合物锂电池,
荣耀,荣耀平板V7（6GB/128GB/5G版）,2021,9,2599,6,128,Magic UI 5.0（基于Android 11）,联发科 迅鲲900T,10.4,2000x1200,480,1487,9.2,聚合物锂电池,7250
荣耀,荣耀平板6（4GB/64GB/LTE）,2020,7,1899,4,64,,海思 麒麟710A,10.1,1920x1200,460,994,8.7,聚合物锂电池,
荣耀,荣耀平板6（4GB/64GB/WiFi）,2020,7,1399,4,64,,海思 麒麟710A,10.1,1920x1200,460,994,8.7,聚合物锂电池,
荣耀,荣耀平板V7（4GB/128GB/WiFi）,2021,9,1799,4,128,Magic UI 5.0（基于Android 11）,联发科 迅鲲900T,10.4,2000x1200,480,1487,9.2,聚合物锂电池,7250
荣耀,荣耀平板X8（4GB/128GB/WiFi版）,2022,9,1199,4,128,Magic UI 4.0（基于Android 10）,MediaTek MT8786,10.1,1920x1200,460,10,10,锂离子聚合物电池,5100
荣耀,荣耀平板6（4GB/128GB/WiFi）,2020,7,1699,4,128,,海思 麒麟710A,10.1,1920x1200,460,994,8.7,聚合物锂电池,
荣耀,荣耀平板6（4GB/128GB/LTE）,2020,7,1899,4,128,,海思 麒麟710A,10.1,1920x1200,460,994,8.7,聚合物锂电池,
荣耀,荣耀畅玩平板2（3GB/32GB/LTE版/9.6英寸）,2017,5,1289,3,32,Android7.0,骁龙425,9.6,1280x800,460,451,7.9,理论待机时间：约500小时,
中柏,中柏EZpad Pro8(8GB/128GB),2020,5,1559,8,128,Windows 10,Intel Apollo Lake N3450,11.6,1920x1080,600,1078,7.8,聚合物锂电池,9000
中柏,中柏EZpad Pro8(6GB/128GB),2020,5,1388,6,128,Windows 10,Intel Apollo Lake N3450,11.6,1920x1080,600,1078,7.8,聚合物锂电池,9000
中柏,中柏EZpad Pro8(12GB/128GB),2020,5,1748,12,128,Windows 10,Intel Apollo Lake N3450,11.6,1920x1080,600,1078,7.8,聚合物锂电池,9000
中柏,中柏EZpad M10S(6GB/128GB),,,849,6,128,,紫光展锐 虎贲T610,10.1,1920x1200,,18,9.8,锂电池,5000
中柏,中柏EZpad go（4GB/128GB）,2016,3,1799,4,128,Windows 10,Intel APOLLO LAKE N3450,11.6,1920*1080,800,132,9.7,聚合物锂电池,6500
中柏,中柏EZpad go（4GB/64GB）,2016,3,1498,4,64,Windows 10,Intel APOLLO LAKE N3450,11.6,1920*1080,800,16,10,聚合物锂电池,6500
中柏,中柏EZpadGo（4GB/64GB）,2019,3,1699,4,64,Windows 10,Intel 赛扬 N3450,11.6,1920x1080,800,0,0,聚合物锂电池,
中柏,中柏EZpadGo（4GB/128GB）,2019,3,1899,4,128,Windows 10,Intel 赛扬 N3450,11.6,1920x1080,800,0,0,聚合物锂电池,
酷比魔方,酷比魔方iPlay 50 Pro（8GB/128GB）,2022,12,869,8,128,Android12,联发科 Helio G99,10.4,2000x1200,466,12,10,锂电池,6000
酷比魔方,酷比魔方iWork GT(i3 1115G4/8GB/256GB),2022,,2899,8,256,Windows 11 Home Basic 64bit（64位家庭普通版）,Intel 酷睿i3 1115G4,11,2000x1200,600,90,9.4,,
酷比魔方,酷比魔方iPlay 50（4GB/64GB）,2022,11,699,4,64,Android12,紫光展锐 虎贲T618,10.4,2000x1200,475,9,9.1,锂电池,6000
酷比魔方,酷比魔方iPlay 50 SE（4GB/64GB）,2023,3,579,4,64,Android12,联发科MT8183,10.5,1920x1080,,0,0,锂电池,5300
酷比魔方,酷比魔方iWork GT(i5 1135G7/8GB/256GB),2022,,3999,8,256,Windows 11 Home Basic 64bit（64位家庭普通版）,Intel 酷睿i5 1135G7,11,2000x1200,600,90,9.4,,
酷比魔方,酷比魔方iWork GT(i5 1135G7/16GB/1TB/悬浮磁吸键盘),2022,,6198,16,1024,Windows 11 Home Basic 64bit（64位家庭普通版）,Intel 酷睿i5 1135G7,11,2000x1200,600,87,9.4,,
酷比魔方,酷比魔方iPlay 50（6GB/128GB）,2022,11,899,6,128,Android12,紫光展锐 虎贲T618,10.4,2000x1200,475,0,0,锂电池,6000
酷比魔方,酷比魔方iWork GT(i3 1115G4/8GB/512GB),2022,,3499,8,512,Windows 11 Home Basic 64bit（64位家庭普通版）,Intel 酷睿i3 1115G4,11,2000x1200,600,90,9.4,,
酷比魔方,酷比魔方iWork GT(i3 1115G4/8GB/256GB/磁吸键盘),2022,,3099,8,256,Windows 11 Home Basic 64bit（64位家庭普通版）,Intel 酷睿i3 1115G4,11,2000x1200,600,90,9.4,,
酷比魔方,酷比魔方iWork GT(i5 1135G7/16GB/512GB),2022,,4999,16,512,Windows 11 Home Basic 64bit（64位家庭普通版）,Intel 酷睿i5 1135G7,11,2000x1200,600,87,9.4,,
酷比魔方,酷比魔方iWork GT(i3 1115G4/8GB/256GB/悬浮磁吸键盘),2022,,3199,8,256,Windows 11 Home Basic 64bit（64位家庭普通版）,Intel 酷睿i3 1115G4,11,2000x1200,600,90,9.4,,
酷比魔方,CUBE（酷比魔方）iWork GT i5 1135G7 8GB 256GB 无,2022,,3599,8,256,Windows 11 Home Basic 64bit（64位家庭普通版）,Intel 酷睿i5 1135G7,11,2000x1200,600,90,9.4,,
酷比魔方,酷比魔方iWork GT(i5 1135G7/16GB/1TB/磁吸键盘),2022,,6098,16,1024,Windows 11 Home Basic 64bit（64位家庭普通版）,Intel 酷睿i5 1135G7,11,2000x1200,600,87,9.4,,
酷比魔方,酷比魔方iWork GT(i5 1135G7/8GB/1TB),2022,,4799,8,1024,Windows 11 Home Basic 64bit（64位家庭普通版）,Intel 酷睿i5 1135G7,11,2000x1200,600,87,9.4,,
酷比魔方,酷比魔方iWork GT(i5 1135G7/16GB/512GB/悬浮磁吸键盘),2022,,5398,16,512,Windows 11 Home Basic 64bit（64位家庭普通版）,Intel 酷睿i5 1135G7,11,2000x1200,600,90,9.4,,
酷比魔方,酷比魔方iPlay 50 Pro 教育版（8GB/128GB）,2022,12,999,8,128,Android12,联发科 Helio G99,10.4,2000x1200,466,12,10,锂电池,6000
酷比魔方,酷比魔方iWork GT(i5 1135G7/16GB/1TB),2022,,5799,16,1024,Windows 11 Home Basic 64bit（64位家庭普通版）,Intel 酷睿i5 1135G7,11,2000x1200,600,90,9.4,,
酷比魔方,酷比魔方iWork GT(i5 1135G7/16GB/512GB/磁吸键盘),2022,,5298,16,512,Windows 11 Home Basic 64bit（64位家庭普通版）,Intel 酷睿i5 1135G7,11,2000x1200,600,90,9.4,,
酷比魔方,酷比魔方iWork GT(i5 1135G7/16GB/256GB),2022,,4699,16,256,Windows 11 Home Basic 64bit（64位家庭普通版）,Intel 酷睿i5 1135G7,11,2000x1200,600,87,9.4,,
酷比魔方,酷比魔方iWork GT(i5 1135G7/8GB/1TB/磁吸键盘),2022,,5098,8,1024,Windows 11 Home Basic 64bit（64位家庭普通版）,Intel 酷睿i5 1135G7,11,2000x1200,600,87,9.4,,
酷比魔方,酷比魔方iWork GT(i5 1135G7/16GB/256GB/磁吸键盘),2022,,4998,16,256,Windows 11 Home Basic 64bit（64位家庭普通版）,Intel 酷睿i5 1135G7,11,2000x1200,600,87,9.4,,
酷比魔方,酷比魔方iWork GT(i5 1135G7/16GB/256GB/悬浮磁吸键盘),2022,,5098,16,256,Windows 11 Home Basic 64bit（64位家庭普通版）,Intel 酷睿i5 1135G7,11,2000x1200,600,87,9.4,,
酷比魔方,酷比魔方iWork GT(i5 1135G7/8GB/512GB),2022,,4499,8,512,Windows 11 Home Basic 64bit（64位家庭普通版）,Intel 酷睿i5 1135G7,11,2000x1200,600,87,9.4,,
酷比魔方,酷比魔方iPlay 50 Pro 老人版（8GB/128GB）,2022,12,999,8,128,Android12,联发科 Helio G99,10.4,2000x1200,466,12,10,锂电池,6000
酷比魔方,酷比魔方iWork GT(i5 1135G7/8GB/512GB/磁吸键盘),2022,,4798,8,512,Windows 11 Home Basic 64bit（64位家庭普通版）,Intel 酷睿i5 1135G7,11,2000x1200,600,90,9.4,,
酷比魔方,酷比魔方iWork GT(i5 1135G7/8GB/256GB/悬浮磁吸键盘),2022,,4398,8,256,Windows 11 Home Basic 64bit（64位家庭普通版）,Intel 酷睿i5 1135G7,11,2000x1200,600,87,9.4,,
酷比魔方,酷比魔方iWork GT(i3 1115G4/8GB/1TB/磁吸键盘),2022,,4098,8,1024,Windows 11 Home Basic 64bit（64位家庭普通版）,Intel 酷睿i3 1115G4,11,2000x1200,600,87,9.4,,
酷比魔方,酷比魔方iWork GT(i3 1115G4/8GB/1TB),2022,,3799,8,1024,Windows 11 Home Basic 64bit（64位家庭普通版）,Intel 酷睿i3 1115G4,11,2000x1200,600,87,9.4,,
酷比魔方,酷比魔方iPlay 50 教育版（4GB/64GB）,2022,11,799,4,64,Android12,紫光展锐 虎贲T618,10.4,2000x1200,475,0,0,锂电池,6000
酷比魔方,酷比魔方iWork GT(i5 1135G7/8GB/512GB/悬浮磁吸键盘),2022,,4898,8,512,Windows 11 Home Basic 64bit（64位家庭普通版）,Intel 酷睿i5 1135G7,11,2000x1200,600,87,9.4,,
酷比魔方,酷比魔方iWork GT(i3 1115G4/8GB/512GB/悬浮磁吸键盘),2022,,3898,8,512,Windows 11 Home Basic 64bit（64位家庭普通版）,Intel 酷睿i3 1115G4,11,2000x1200,600,90,9.4,,
酷比魔方,酷比魔方iPlay 50 教育版（6GB/128GB）,2022,11,999,6,128,Android12,紫光展锐 虎贲T618,10.4,2000x1200,475,0,0,锂电池,6000
酷比魔方,酷比魔方iWork GT(i5 1135G7/8GB/256GB/磁吸键盘),2022,,4298,8,256,Windows 11 Home Basic 64bit（64位家庭普通版）,Intel 酷睿i5 1135G7,11,2000x1200,600,90,9.4,,
酷比魔方,酷比魔方iPlay 50 老人版（6GB/128GB）,2022,11,999,6,128,Android12,紫光展锐 虎贲T618,10.4,2000x1200,475,0,0,锂电池,6000
酷比魔方,酷比魔方iWork GT(i5 1135G7/8GB/1TB/悬浮磁吸键盘),2022,,5198,8,1024,Windows 11 Home Basic 64bit（64位家庭普通版）,Intel 酷睿i5 1135G7,11,2000x1200,600,87,9.4,,
酷比魔方,酷比魔方iWork GT(i3 1115G4/8GB/1TB/悬浮磁吸键盘),2022,,4198,8,1024,Windows 11 Home Basic 64bit（64位家庭普通版）,Intel 酷睿i3 1115G4,11,2000x1200,600,87,9.4,,
酷比魔方,酷比魔方iWork GT(i3 1115G4/8GB/512GB/磁吸键盘),2022,,3798,8,512,Windows 11 Home Basic 64bit（64位家庭普通版）,Intel 酷睿i3 1115G4,11,2000x1200,600,87,9.4,,
酷比魔方,酷比魔方iPlay 50 老人版（4GB/64GB）,2022,11,799,4,64,Android12,紫光展锐 虎贲T618,10.4,2000x1200,475,0,0,锂电池,6000
酷比魔方,酷比魔方K8GT豪华版,,,559,0.5,,Android4.0,RK2918,7,800×480,344,15,7,,
酷比魔方,酷比魔方U10GT2,,,899,0.5,,Android2.3,RK2918,8,1024×768,,1,8,,
酷比魔方,酷比魔方U7 Pro（4GB）,,,199,,,Android2.3,,4.3,432×272,,3,6.7,,
酷比魔方,酷比魔方U25GT,2012,12,299,,,Android4.1,RK2928 ARM Cortex-A9,7,1024x600,,24,5.8,锂电池,
酷比魔方,酷比魔方双核坚果（16GB）,2012,10,1104,1,16,Android4.0,RK3066 ARM Cortex-A9,9.7,1024x768,700,0,0,锂电池,
酷比魔方,酷比魔方Q7 PRO（8GB）,,,499,,,Android2.1,RK2818,5,800×480,,1,6,,
酷比魔方,酷比魔方U9GT（8GB）,,,759,0.5,,Android2.3,RK2918,7,800×600,,44,7.6,,
酷比魔方,酷比魔方U9GT普及版（8GB）,,,799,0.5,,Android2.3,RK2918,7,800×600,,0,0,,
酷比魔方,酷比魔方U9GT（16GB）,,,1499,0.5,1,Android2.3,RK2918,7,800×600,,44,7.6,,
酷比魔方,酷比魔方M8,2018,,699,3,32,Android8.0,Helio X27(MT6797X),8,1920x1200,345,15,10,锂电池,
酷比魔方,酷比魔方U30GT双核豌豆（16GB）,2012,11,700,1,16,Android4.0,RK3066 ARM Cortex-A9,10.1,1280x800,670,38,6.6,锂电池,
酷比魔方,酷比魔方U16GT（8GB）,2012,7,399,1,8,Android4.0,RK2918 ARM Cortex-A8,8,800x600,,0,0,锂电池,
酷比魔方,酷比魔方双核太阳花（16GB）,2012,7,1020,1,16,Android4.0,RK3066 ARM Cortex-A9,9.7,1024x768,660,1,6,锂电池,
酷比魔方,酷比魔方U18GT豪华版（8GB）,2012,5,399,1,8,Android4.0,RK2918 ARM Cortex-A8,7,1024x600,319.4,2,8,锂电池,
酷比魔方,酷比魔方U25GT双核,2013,6,349,0.5,8,Android4.2,RK3168 ARM Cortex-A9,7,1024x600,,3,7.2,锂电池,
酷比魔方,酷比魔方U15GT,,,669,0.5,,Android2.3,RK2918,5,800×480,,1,4,,
酷比魔方,酷比魔方U8GT,,,599,0.5,,Android2.3,RK2918,7,800×480,,12,7,,
酷比魔方,酷比魔方U8S酷淘版（8GB）,,,380,,,Android2.2,,7,800×480,679,3,7.3,,
酷比魔方,酷比魔方U3（4GB）,,,299,0.125,,Android2.2,RK2818,4.3,432×272,,6,9,,
酷比魔方,酷比魔方U9GT2（16GB）,,,1300,1,1,Android4.0,RK2918,9.7,1024×768,680,37,5.8,锂电池3.7V/8000mAh,
酷比魔方,酷比魔方i6 Air 3G双系统版,2015,1,1099,2,32,Android4.4 + Windows 8.1（双系统）,Intel Atom Z3735F,9.7,2048x1536,500,12,6.4,锂电池,
酷比魔方,酷比魔方K8M（8GB）,,,299,0.25,,Android2.2,RK2818,7,800×480,,10,2,锂电池3.7/3000mAh,
酷比魔方,酷比魔方U9,,,1249,0.25,,Android2.1,RK2818,7,800×600,,16,7,,
酷比魔方,酷比魔方K8GT,,,559,0.5,,Android2.3,RK2918,7,800×480,,8,4.8,4000mAh,
酷比魔方,酷比魔方飞漾X7,2017,6,999,3,32,Android6.0,联发科 MTK8783,10.1,1920x1200,,0,0,锂电池,
酷比魔方,酷比魔方U30GT双核豌豆MINI（16GB）,2013,,799,,16,Android4.0,RK3066 ARM Cortex-A9,7,1024x600,,0,0,锂电池,
酷比魔方,酷比魔方U30GT双核豌豆MINI（8GB）,2013,,699,,8,Android4.0,RK3066 ARM Cortex-A9,7,1024x600,,0,0,锂电池,
酷比魔方,酷比魔方U8（8GB）,,,759,0.25,,Android,,7,800×480,,4,7,,
酷比魔方,酷比魔方C1,2017,12,299,1,8,Android7.1,,7,1920x1080,271,0,0,锂电池,
酷比魔方,酷比魔方双核豌豆mini,2012,8,799,1,16,Android4.0,RK3066 ARM Cortex-A9,7,1024x600,320,5,7.6,锂电池,
酷比魔方,酷比魔方i6 Air Remix版,2015,11,699,2,32,Remix OS 1.0,Intel Atom Z3735,9.7,2048x1536,,0,0,锂电池,
酷比魔方,酷比魔方i10（双系统版）,2015,5,699,2,32,Android4.4 + Windows 8.1（双系统）,Intel Atom Z3735F,10.6,1366x768,,13,5.8,锂电池,
酷比魔方,酷比魔方U21GT,2012,7,599,1,,Android4.1,RK3066 ARM Cortex-A9,7,1280x800,,31,6.3,锂电池,
酷比魔方,酷比魔方U8S（4GB）,,,575,0.25,,Android2.2,,7,800×480,,7,7,,
酷比魔方,酷比魔方U17GT（8GB）,2012,3,999,1,8,Android4.0,RK2918 ARM Cortex-A8,7,1024x600,,19,7,锂电池,
酷比魔方,酷比魔方U8S（8GB）,,,599,0.25,,Android2.2,,7,800×480,,7,7,,
酷比魔方,酷比魔方太阳花（8GB）,2012,8,999,1,8,Android4.0,RK2918 ARM Cortex-A8,9.7,1024x768,660,0,0,锂电池,
酷比魔方,酷比魔方iwork11旗舰本,2017,1,1499,4,64,Windows 10,Intel Cherry Trail X5-Z8300,10.6,1920x1080,668,0,0,锂电池,
酷比魔方,酷比魔方M5X,2018,4,879,4,64,Android8.0,MTK Helio X27（MT6797）,10.1,2560x1600,510,16,8.6,锂电池,
台电,台电P20HD,2020,6,689,4,64,Android10,紫光展锐 虎贲 SC9863A,10.1,1920x1200,531,410,7.9,聚合物锂电池,6000
台电,台电P80 Pro,2018,3,499,2,32,Android7.0,,8,1920x1200,350,16,7.4,聚合物锂电池,
台电,台电P80X,,,499,2,32,Android9.0,紫光展锐 虎贲 SC9863A,8,1280x800,300,16,7.6,聚合物锂电池,
台电,台电X1 Pro 4G,2015,4,3888,4,128,Android4.2 + Windows 8.1（双系统）,Intel Core M-5Y10C,12.2,2560x1600,990,10,7,聚合物锂电池,
台电,台电P80S 四核,2015,4,299,0.5,8,Android4.4,全志A33 ARM Cortex-A7,8,1280x800,,1,8,聚合物锂电池,
台电,台电X80 Pro（双系统版）,2016,4,549,2,32,Android5.0 + Windows 10（双系统）,Intel Cherry Trail X5-Z8300,8,1920x1200,,4,6.8,聚合物锂电池,
台电,台电P80 4G八核版,2015,9,489,1,16,Android5.0,联发科 MT8735，搭载ARM Cortex-A53架构,8,1280x800,,10,6.7,聚合物锂电池,
台电,台电T720-3GE（8GB）,2010,,1580,,,Android2.1,,7,800×480,,10,2.7,,
台电,台电A15（8GB）,2011,2,899,1,8,Android4.0,RK2918 ARM Cortex-A8,9,1280x800,,6,6.7,锂电池,
台电,台电T760（8GB）,2011,10,988,0.5,8,Android2.3,RK2918 ARM Cortex-A8,7,1024x600,383.3,21,8.1,聚合物锂电池,
台电,台电P76a双核（8GB）,2012,12,349,1,8,Android4.1,RK3066 ARM Cortex-A9,7,1024x600,307.8,20,6.8,锂电池,
台电,台电T720VE,,,579,,,Android2.2,RK2818,7,800×480,,3,6.7,,
台电,台电P80h,2015,10,499,1,8,Android5.1,联发科 MT8163，搭载ARM Cortex-A53架构,8,1280x800,331.5,15,8.2,聚合物锂电池,
台电,台电P72（4GB）,,,769,0.5,,Android2.2,,7,800×480,346.2,12,8.2,4000mAh聚合物锂电池,
台电,台电P73（8GB）,2011,9,869,0.5,8,Android2.3,RK2918 ARM Cortex-A8,7,1024x600,,8,6.3,锂电池,
台电,台电P76Ti（8GB）,,,559,,,Android2.3,全志A10,7,800×480,,58,6.4,,
台电,台电P76e双核（8GB）,2012,11,469,1,8,Android4.1,RK3066 ARM Cortex-A9,7,800x480,333.5,7,8,锂电池,
台电,台电X16HD 3G,2014,12,799,2,32,Android4.4 + Windows 8.1（双系统）,Intel Atom Z3736F,10.6,1920x1080,,33,6.4,聚合物锂电池,
台电,台电T760VE（8GB）,2011,10,780,0.5,,Android2.3,RK2918 ARM Cortex-A8,7,1024x600,,5,6,锂电池,
台电,台电P86（8GB）,2012,8,499,0.5,8,Android4.0,全志A13 ARM Cortex-A8,8,800x600,444.5,25,6,锂电池,
台电,台电X16 Plus,2016,4,799,2,32,Android5.1,Intel Cherry Trail X5-Z8300,10.6,1920x1080,,9,5.3,聚合物锂电池,
台电,台电X98 Pro,2015,8,1399,4,64,Android5.1 + Windows 10（双系统）,Intel Cherry Trail T4-Z8500,9.7,2048x1536,525,26,5.5,聚合物锂电池,
台电,台电T720-WiFi（8GB）,2010,,930,,,Android2.1,,7,800×480,,10,2.7,,
台电,台电A10t双核（8GB）,2013,2,750,1,8,Android4.1,RK3066 ARM Cortex-A9,9.7,1024x768,,0,0,聚合物锂电池,
台电,台电P98 八核,2015,4,799,1,16,Android4.4,MT8151 ARM Cortex-A7,9.7,2048x1536,483,0,0,聚合物锂电池,
台电,台电X80 Power,2016,9,579,2,32,Android5.1 + Windows 10（双系统）,Intel Cherry Trail X5-Z8300,8,1920x1200,330,1,8.6,聚合物锂电池,
台电,台电G18 3G四核,2014,4,799,1,8,Android4.2,MTK8382 ARM Cortex-A7,7.9,1024x768,,12,8.8,聚合物锂电池,
台电,台电P70 3G八核,2015,2,399,1,8,Android4.4,MT8392 ARM Cortex-A7,7,1280x800,,9,8.2,聚合物锂电池,
台电,台电X98 Air Ⅲ,2015,9,699,2,32,Android5.0,Intel Atom Z3735F,9.7,2048x1536,,7,4.8,聚合物锂电池,
台电,台电X2 Pro,2015,9,2599,4,128,Windows 10,Intel 酷睿M,11.6,1920x1080,,8,6.6,聚合物锂电池,
台电,台电C520Ti（8GB）,,,479,0.25,,Android2.1,RK2818,5,800×480,180.4,11,8.2,,
台电,台电T720HD（8GB）,,,799,0.5,,Android,RK2918,7,800×480,,3,6.7,,
台电,台电P80T 8G四核版,2016,1,299,,8,Android4.4,瑞芯微 RK3126，搭载ARM Cortex-A7架构,8,1280x800,,3,8.7,聚能锂电池,
台电,台电TBook 11,2016,3,1099,4,64,Android5.1 + Windows 10（双系统）,Intel Cherry Trail X5-Z8300,10.6,1920x1080,620,14,7.3,聚合物锂电池,
台电,台电X10 3G八核,2016,3,569,1,16,Android5.1,联发科 MT8392，搭载ARM Cortex-A7架构,10.1,1280x800,,2,7,聚合物锂电池,
微软,微软Surface 3（4GB/128GB/Win10）,2016,2,3599,4,128,Windows 10,Intel Cherry Trail X7-Z8700,10.8,1920x1280,622,36,7.3,锂电池,
微软,微软Surface 3（4GB/128GB/WiFi）,2015,5,3999,4,128,Windows 8.1,Intel Atom x7-Z8700,10.8,1920x1280,622,36,7.3,锂电池,
微软,微软Surface 3（2GB/64GB/WiFi）,2015,6,2799,2,64,Windows 8.1,Intel Atom x7-Z8700,10.8,1920x1280,622,36,7.3,锂电池,
微软,微软Surface 3（4GB/64GB/WiFi版）,2015,5,4588,4,64,Windows 8.1,Intel Cherry Trail X7-Z8700,10.8,1920x1280,622,36,7.3,锂电池,
微软,微软Surface 3（2GB/64GB/Win10）,2016,2,3699,2,64,Windows 10,Intel Cherry Trail X7-Z8700,10.8,1920x1280,622,36,7.3,锂电池,
联想,联想拯救者 Y900 旗舰平板（12GB/256GB）,2023,3,5999,12,256,ZUI 15,联发科 天玑9000,14.5,3000x1876,735,1,10,锂电池,12300
联想,联想拯救者 Y700(12GB/256GB/WiFi版),2022,3,2388,12,256,,高通 骁龙870,8.8,2560x1600,375,1636,9.7,锂电池,6550
联想,联想拯救者 Y700(8GB/128GB/WiFi版),2022,3,2058,8,128,,高通 骁龙870,8.8,2560x1600,375,1636,9.7,锂电池,6550
联想,联想小新 Pad(6GB/128GB/WiFi),2020,11,1178,6,128,Android,高通 骁龙 870,11,2000x1200,490,1435,8.6,锂电池,7700
联想,联想小新 Pad 2022(4GB/64GB),2022,5,999,4,64,ZUI13.5（Android12）,高通 骁龙680,10.6,2000x1200,465,528,9.8,锂电池,7700
联想,联想小新 Pad Pro 2021,2021,6,2149,6,128,ZUI 12.5（基于Android 11）,高通 骁龙870,11.5,2560x1600,485,981,8.9,锂电池,8600
联想,联想小新Pad Pro 2022 骁龙版（8GB/128GB）,2022,8,2389,8,128,ZUI14（Android12）,高通 骁龙870,11.2,2560x1536,480,34,9.8,锂电池,8200
联想,联想小新 Pad 2022(6GB/128GB),2022,5,1179,6,128,ZUI13.5（Android12）,高通 骁龙680,10.6,2000x1200,465,528,9.8,锂电池,7700
联想,联想小新 Pad Plus,2021,6,1499,6,128,ZUI 12.5（基于Android 11）,高通 骁龙750G,11,2000x1200,520,2586,8.8,锂电池,7700
联想,联想小新Pad Pro 2022 迅鲲版（6GB/128GB）,2022,8,2199,6,128,ZUI14（Android12）,联发科 迅鲲1300T,11.2,2560x1536,480,34,9.8,锂电池,8200
联想,联想小新Pad Plus 2023,,,1699,6,128,ZUI 14,联发科Helio G99,11.5,2000*1200,520,33,8.9,锂电池,7700
联想,联想天骄 Pad(6GB/128GB/WiFi),2022,3,1629,6,128,Android11,联发科 Helio G90T,11,2000x1200,490,1490,8.9,锂电池,7700
联想,联想小新 Pad Pro 12.6(8GB/256GB),2021,11,4199,8,256,ZUI 13 for Pad（基于Android 11）,高通 骁龙870,12.6,2560x1600,565,283,8.4,锂电池,10200
联想,联想Tab M8,,,999,4,64,Android 9,联发科 Helio P22T,8,1920*1200,305,196,9.7,锂电池,5100
联想,联想拯救者 Y700(12GB/256GB/WiFi版/炫光蓝),2022,3,3299,12,256,,高通 骁龙870,8.8,2560x1600,375,1634,9.7,锂电池,6550
联想,联想Tab M10(32GB/Cellular版),,,1799,3,32,Android,高通 骁龙450,10.1,1920x1200,460,0,0,锂电池,
联想,联想M8,,,1199,4,64,Android4.4,联发科 Helio P22T,8,1920x1200,305,5,10,聚合物锂电池,毫安
联想,联想拯救者 Y700(12GB/256GB/WiFi版/冰魄白),2022,,3299,12,256,,高通 骁龙870,8.8,2560x1600,375,1634,9.7,锂电池,6550
联想,联想M10 PLUS(128GB/WiFi版),,,1299,4,128,Android P,联发科 P22T,10.3,1920x1200,480,416,8.1,锂电池,
联想,联想E10 TB-X104F,2020,1,749,2,16,Android 8.1,,10.1,1280x800,530,15,7.7,,
联想,联想YOGA TAB5,,,1599,4,64,Android 9,高通 骁龙439,10.1,1920x1200,580,16,7.6,锂电池,
联想,联想Miix 310（2GB/64GB）,2016,6,1699,2,64,Windows 10,Intel Cherry Trail X5-Z8300,10.1,1280x800,580,7,7.3,2芯锂电池,
联想,联想乐Pad V2007,2012,4,3850,1,16,Android3.2,高通 Qualcomm MSM8660,7,1280x800,357,1,8,锂电池,
联想,联想乐Pad V2010,2012,4,4800,1,16,Android3.2,高通 Qualcomm MSM8660,10.1,1280x800,706,4,8.5,锂电池,
联想,联想乐Pad Y1011 WLAN（32GB/3G版）玛奇朵棕,2011,1,2850,1,32,乐OS 2.0,,10.1,1280x800,760,63,7.5,2芯聚合物锂电池,
联想,联想IdeaPad Yoga11-TTH（日光橙）,2012,11,2300,2,32,Windows RT,Nvidia Tegra T30,11.6,1366x768,1240,21,6.8,锂电池,
联想,联想乐Pad Y1011 WLAN（32GB）百加地白,2011,3,2300,1,32,乐OS 2.0,,10.1,1280x800,760,63,7.5,2芯聚合物锂电池,
联想,联想乐Pad Y1011 WLAN（16GB/3G版）曼特宁黑,2011,1,2200,1,16,乐OS 2.0,,10.1,1280x800,760,63,7.5,2芯聚合物锂电池,
联想,联想乐Pad Y1011 WLAN（16GB）百加地白,2011,3,1850,1,16,乐OS 2.0,,10.1,1280x800,760,63,7.5,2芯聚合物锂电池,